-- phpMyAdmin SQL Dump
-- version 5.2.1
-- https://www.phpmyadmin.net/
--
-- Anamakine: localhost
-- Üretim Zamanı: 21 Haz 2025, 09:40:33
-- Sunucu sürümü: 10.11.11-MariaDB-ubu2204
-- PHP Sürümü: 8.0.30

SET SQL_MODE = "NO_AUTO_VALUE_ON_ZERO";
START TRANSACTION;
SET time_zone = "+00:00";


/*!40101 SET @OLD_CHARACTER_SET_CLIENT=@@CHARACTER_SET_CLIENT */;
/*!40101 SET @OLD_CHARACTER_SET_RESULTS=@@CHARACTER_SET_RESULTS */;
/*!40101 SET @OLD_COLLATION_CONNECTION=@@COLLATION_CONNECTION */;
/*!40101 SET NAMES utf8mb4 */;

--
-- Veritabanı: `seli_cafe`
--

-- --------------------------------------------------------

--
-- Tablo için tablo yapısı `brands`
--

CREATE TABLE `brands` (
  `id` int(10) UNSIGNED NOT NULL,
  `name` varchar(100) NOT NULL,
  `created_at` timestamp NOT NULL DEFAULT current_timestamp()
) ENGINE=InnoDB DEFAULT CHARSET=utf8mb4 COLLATE=utf8mb4_general_ci;

--
-- Tablo döküm verisi `brands`
--

INSERT INTO `brands` (`id`, `name`, `created_at`) VALUES
(1, 'Çaykur', '2025-06-03 15:25:10'),
(2, 'Latte', '2025-06-05 07:02:57'),
(6, 'Genel', '2025-06-11 10:10:53');

-- --------------------------------------------------------

--
-- Tablo için tablo yapısı `categories`
--

CREATE TABLE `categories` (
  `id` int(10) UNSIGNED NOT NULL,
  `code` varchar(50) NOT NULL,
  `name` varchar(100) NOT NULL,
  `description` varchar(255) DEFAULT NULL,
  `image` varchar(255) DEFAULT NULL,
  `created_at` timestamp NOT NULL DEFAULT current_timestamp(),
  `image_path` varchar(255) DEFAULT NULL
) ENGINE=InnoDB DEFAULT CHARSET=utf8mb4 COLLATE=utf8mb4_general_ci;

--
-- Tablo döküm verisi `categories`
--

INSERT INTO `categories` (`id`, `code`, `name`, `description`, `image`, `created_at`, `image_path`) VALUES
(1, 'CAT0001', 'Çaylar', 'Çaylar', 'uploads/categories/cat_684029e0d66a72.15858508.png', '2025-06-03 13:35:34', NULL),
(7, 'CAT0007', 'Kahveler', 'Kahveler', 'uploads/categories/cat_684029c47fd813.81742045.jpg', '2025-06-03 14:18:05', NULL),
(8, 'CAT0008', 'Nargile', 'Nargile', 'uploads/categories/cat_684029779494f6.69317021.jpg', '2025-06-04 11:09:43', NULL),
(9, 'CAT0009', 'Tatlılar', 'Tatlılar', 'uploads/categories/cat_68498a686cb123.80220299.png', '2025-06-11 13:53:44', NULL),
(10, 'CAT0010', 'Bitki Çayları', 'Bitki Çayları', 'uploads/categories/cat_6849e06a389ae4.75550036.png', '2025-06-11 20:00:42', NULL),
(11, 'CAT0011', 'Meyve Suları', 'Meyve Suları', 'uploads/categories/cat_6849e0a6daf245.46437274.png', '2025-06-11 20:01:42', NULL),
(12, 'CAT0012', 'Gazlı İçecekler', 'Gazlı İçecekler', 'uploads/categories/cat_6849e104eb2c92.09365845.png', '2025-06-11 20:03:16', NULL);

-- --------------------------------------------------------

--
-- Tablo için tablo yapısı `company_info`
--

CREATE TABLE `company_info` (
  `id` int(10) UNSIGNED NOT NULL,
  `name` varchar(255) NOT NULL,
  `address` text NOT NULL,
  `phone` varchar(50) DEFAULT NULL,
  `email` varchar(100) NOT NULL,
  `tax_number` varchar(100) DEFAULT NULL
) ENGINE=InnoDB DEFAULT CHARSET=utf8mb4 COLLATE=utf8mb4_general_ci;

--
-- Tablo döküm verisi `company_info`
--

INSERT INTO `company_info` (`id`, `name`, `address`, `phone`, `email`, `tax_number`) VALUES
(1, 'Selim Holding', 'Isparta', '05447991069', 'arsiviznet@gmail.com', '13456498');

-- --------------------------------------------------------

--
-- Tablo için tablo yapısı `customers`
--

CREATE TABLE `customers` (
  `id` int(10) UNSIGNED NOT NULL,
  `name` varchar(100) NOT NULL,
  `company` varchar(255) DEFAULT NULL,
  `phone` varchar(20) DEFAULT NULL,
  `email` varchar(100) DEFAULT NULL,
  `vkn_tckn` varchar(50) DEFAULT NULL,
  `tax_office` varchar(255) DEFAULT NULL,
  `address` varchar(255) DEFAULT NULL,
  `city` varchar(100) DEFAULT NULL,
  `balance` decimal(15,2) NOT NULL DEFAULT 0.00,
  `created_at` timestamp NOT NULL DEFAULT current_timestamp()
) ENGINE=InnoDB DEFAULT CHARSET=utf8mb4 COLLATE=utf8mb4_general_ci;

--
-- Tablo döküm verisi `customers`
--

INSERT INTO `customers` (`id`, `name`, `company`, `phone`, `email`, `vkn_tckn`, `tax_office`, `address`, `city`, `balance`, `created_at`) VALUES
(1, 'selim Ürgün', 'Selim', '05447991069', 'arsiviznet@gmail.com', '13464', 'Isparta', 'Isparta', 'Isparta', 0.00, '2025-06-04 14:19:40'),
(3, 'Altan Ürgün', 'Selim', '05447991069', 'Altan@selimurgun.com.tr', '13464', 'Isparta', 'Isparta', 'Isparta', 0.00, '2025-06-05 06:53:53');

-- --------------------------------------------------------

--
-- Tablo için tablo yapısı `customer_deposits`
--

CREATE TABLE `customer_deposits` (
  `id` int(11) NOT NULL,
  `customer_id` int(10) UNSIGNED NOT NULL,
  `amount` decimal(15,2) NOT NULL,
  `created_at` timestamp NULL DEFAULT current_timestamp()
) ENGINE=InnoDB DEFAULT CHARSET=utf8mb4 COLLATE=utf8mb4_general_ci;

--
-- Tablo döküm verisi `customer_deposits`
--

INSERT INTO `customer_deposits` (`id`, `customer_id`, `amount`, `created_at`) VALUES
(1, 1, 100000.00, '2025-06-04 14:49:00'),
(2, 3, 30000.00, '2025-06-05 06:54:58'),
(3, 3, 20000.00, '2025-06-18 20:04:31');

-- --------------------------------------------------------

--
-- Tablo için tablo yapısı `customer_docs`
--

CREATE TABLE `customer_docs` (
  `id` int(11) NOT NULL,
  `customer_id` int(10) UNSIGNED NOT NULL,
  `filename` varchar(255) NOT NULL,
  `filepath` varchar(255) NOT NULL,
  `created_at` timestamp NULL DEFAULT current_timestamp()
) ENGINE=InnoDB DEFAULT CHARSET=utf8mb4 COLLATE=utf8mb4_general_ci;

--
-- Tablo döküm verisi `customer_docs`
--

INSERT INTO `customer_docs` (`id`, `customer_id`, `filename`, `filepath`, `created_at`) VALUES
(1, 1, 'Ekran görüntüsü 2025-06-04 163755.png', 'uploads/customer_docs/1749048177_Ekran_g__r__nt__s___2025-06-04_163755.png', '2025-06-04 14:42:57'),
(2, 3, 'default.png', 'uploads/customer_docs/1749106587_default.png', '2025-06-05 06:56:27'),
(3, 3, 'Kismi_Kalan_Borc_Raporu_2025-05-01_2025-05-17.pdf', 'uploads/customer_docs/1749498270_Kismi_Kalan_Borc_Raporu_2025-05-01_2025-05-17.pdf', '2025-06-09 19:44:30'),
(4, 1, 'default.png', 'uploads/customer_docs/1749554436_default.png', '2025-06-10 11:20:36');

-- --------------------------------------------------------

--
-- Tablo için tablo yapısı `customer_notes`
--

CREATE TABLE `customer_notes` (
  `id` int(11) NOT NULL,
  `customer_id` int(10) UNSIGNED NOT NULL,
  `note` text NOT NULL,
  `created_at` timestamp NULL DEFAULT current_timestamp()
) ENGINE=InnoDB DEFAULT CHARSET=utf8mb4 COLLATE=utf8mb4_general_ci;

--
-- Tablo döküm verisi `customer_notes`
--

INSERT INTO `customer_notes` (`id`, `customer_id`, `note`, `created_at`) VALUES
(1, 1, 'test', '2025-06-04 14:42:31'),
(2, 3, 'test', '2025-06-05 06:57:10');

-- --------------------------------------------------------

--
-- Tablo için tablo yapısı `kitchen_queue`
--

CREATE TABLE `kitchen_queue` (
  `id` int(10) UNSIGNED NOT NULL,
  `order_id` int(10) UNSIGNED NOT NULL,
  `posorder_item_id` int(10) UNSIGNED NOT NULL,
  `product_id` int(10) UNSIGNED NOT NULL,
  `table_id` int(10) UNSIGNED NOT NULL,
  `quantity` int(11) NOT NULL,
  `status` enum('pending','completed') NOT NULL DEFAULT 'pending',
  `created_at` datetime NOT NULL DEFAULT current_timestamp(),
  `completed_at` datetime DEFAULT NULL
) ENGINE=InnoDB DEFAULT CHARSET=utf8mb4 COLLATE=utf8mb4_unicode_ci;

--
-- Tablo döküm verisi `kitchen_queue`
--

INSERT INTO `kitchen_queue` (`id`, `order_id`, `posorder_item_id`, `product_id`, `table_id`, `quantity`, `status`, `created_at`, `completed_at`) VALUES
(1, 235, 856, 2, 20, 2, 'completed', '2025-06-20 13:26:09', '2025-06-20 13:33:27'),
(2, 236, 857, 2, 20, 1, 'completed', '2025-06-20 13:26:19', '2025-06-20 13:26:24'),
(3, 237, 858, 2, 20, 1, 'completed', '2025-06-20 13:26:46', '2025-06-20 13:26:49'),
(4, 237, 858, 2, 20, 1, 'completed', '2025-06-20 13:26:55', '2025-06-20 13:27:01'),
(5, 237, 858, 2, 20, 1, 'completed', '2025-06-20 13:27:13', '2025-06-20 13:27:19'),
(6, 237, 858, 2, 20, 1, 'completed', '2025-06-20 13:27:25', '2025-06-20 13:27:28'),
(7, 237, 858, 2, 20, 1, 'completed', '2025-06-20 13:27:44', '2025-06-20 13:27:47'),
(8, 237, 858, 2, 20, 1, 'completed', '2025-06-20 13:32:53', '2025-06-20 13:32:56'),
(9, 237, 859, 10, 20, 1, 'completed', '2025-06-20 13:33:43', '2025-06-20 13:34:17'),
(10, 237, 858, 2, 20, 1, 'completed', '2025-06-20 13:34:02', '2025-06-20 13:34:05'),
(11, 237, 859, 10, 20, 1, 'completed', '2025-06-20 13:34:02', '2025-06-20 13:34:17'),
(12, 238, 860, 2, 20, 1, 'completed', '2025-06-20 13:38:52', '2025-06-20 13:38:55'),
(13, 240, 861, 2, 19, 1, 'completed', '2025-06-20 14:18:17', '2025-06-20 14:18:19'),
(14, 240, 861, 2, 19, 1, 'completed', '2025-06-20 14:18:27', '2025-06-20 14:18:30'),
(15, 239, 862, 10, 20, 1, 'completed', '2025-06-20 14:20:26', '2025-06-20 14:20:29'),
(16, 239, 862, 10, 20, 1, 'completed', '2025-06-20 14:20:36', '2025-06-20 14:20:42'),
(17, 239, 862, 10, 20, 1, 'completed', '2025-06-20 14:20:55', '2025-06-20 14:21:00'),
(18, 239, 863, 2, 20, 1, 'completed', '2025-06-20 14:20:55', '2025-06-20 14:21:00'),
(19, 239, 864, 4, 20, 6, 'completed', '2025-06-20 14:21:10', '2025-06-20 14:21:13'),
(20, 241, 865, 4, 20, 1, 'completed', '2025-06-20 14:40:06', '2025-06-20 14:57:27'),
(21, 241, 866, 3, 20, 1, 'completed', '2025-06-20 14:40:14', '2025-06-20 14:40:20'),
(22, 241, 867, 2, 20, 1, 'completed', '2025-06-20 14:40:14', '2025-06-20 14:40:20'),
(23, 241, 868, 5, 20, 1, 'completed', '2025-06-20 14:40:14', '2025-06-20 14:40:20'),
(24, 241, 869, 9, 20, 1, 'completed', '2025-06-20 14:40:14', '2025-06-20 14:40:20'),
(25, 241, 870, 8, 20, 1, 'completed', '2025-06-20 14:40:14', '2025-06-20 14:40:20'),
(26, 241, 871, 7, 20, 1, 'completed', '2025-06-20 14:40:14', '2025-06-20 14:40:20'),
(27, 241, 872, 6, 20, 1, 'completed', '2025-06-20 14:40:14', '2025-06-20 14:40:20'),
(28, 241, 873, 10, 20, 1, 'completed', '2025-06-20 14:40:14', '2025-06-20 14:57:32'),
(29, 242, 874, 4, 20, 1, 'completed', '2025-06-20 14:57:53', '2025-06-20 14:57:58'),
(30, 242, 875, 9, 20, 1, 'completed', '2025-06-20 14:57:53', '2025-06-20 14:57:58'),
(31, 242, 876, 7, 20, 1, 'completed', '2025-06-20 14:57:53', '2025-06-20 14:57:58'),
(32, 242, 877, 8, 20, 1, 'completed', '2025-06-20 14:57:53', '2025-06-20 14:58:05'),
(33, 242, 878, 5, 20, 1, 'completed', '2025-06-20 14:57:53', '2025-06-20 14:57:58'),
(34, 242, 879, 2, 20, 1, 'completed', '2025-06-20 14:57:53', '2025-06-20 14:57:58'),
(35, 242, 880, 3, 20, 1, 'completed', '2025-06-20 14:57:53', '2025-06-20 14:57:58'),
(36, 242, 881, 6, 20, 1, 'completed', '2025-06-20 14:57:53', '2025-06-20 14:57:58'),
(37, 242, 882, 10, 20, 1, 'completed', '2025-06-20 14:57:53', '2025-06-20 14:57:58'),
(38, 243, 883, 2, 20, 1, 'completed', '2025-06-20 15:16:32', '2025-06-20 15:16:41'),
(39, 243, 884, 5, 20, 1, 'completed', '2025-06-20 15:16:50', '2025-06-20 15:16:54'),
(40, 243, 883, 2, 20, 1, 'completed', '2025-06-21 06:31:43', '2025-06-21 06:31:47'),
(41, 243, 885, 4, 20, 1, 'completed', '2025-06-21 06:31:43', '2025-06-21 06:31:47'),
(42, 243, 886, 7, 20, 1, 'completed', '2025-06-21 06:31:43', '2025-06-21 06:31:47'),
(43, 243, 887, 9, 20, 1, 'completed', '2025-06-21 06:31:43', '2025-06-21 06:31:47'),
(44, 243, 888, 8, 20, 1, 'completed', '2025-06-21 06:31:43', '2025-06-21 06:31:47'),
(45, 243, 889, 3, 20, 1, 'completed', '2025-06-21 06:31:43', '2025-06-21 06:31:47'),
(46, 243, 890, 6, 20, 1, 'completed', '2025-06-21 06:31:43', '2025-06-21 06:31:47'),
(47, 243, 891, 10, 20, 1, 'completed', '2025-06-21 06:31:43', '2025-06-21 06:31:47'),
(48, 244, 892, 6, 20, 1, 'completed', '2025-06-21 07:12:37', '2025-06-21 09:11:06'),
(49, 244, 893, 3, 20, 1, 'completed', '2025-06-21 07:12:37', '2025-06-21 09:11:06'),
(50, 244, 894, 2, 20, 1, 'completed', '2025-06-21 07:12:37', '2025-06-21 09:06:43'),
(51, 245, 895, 2, 19, 1, 'completed', '2025-06-21 09:06:58', '2025-06-21 09:07:03');

-- --------------------------------------------------------

--
-- Tablo için tablo yapısı `kitchen_tickets`
--

CREATE TABLE `kitchen_tickets` (
  `id` int(10) UNSIGNED NOT NULL,
  `order_id` int(11) NOT NULL,
  `created_at` datetime NOT NULL DEFAULT current_timestamp(),
  `status` enum('pending','printed','completed') NOT NULL DEFAULT 'pending'
) ENGINE=InnoDB DEFAULT CHARSET=utf8mb3 COLLATE=utf8mb3_general_ci;

-- --------------------------------------------------------

--
-- Tablo için tablo yapısı `kitchen_views`
--

CREATE TABLE `kitchen_views` (
  `id` int(10) UNSIGNED NOT NULL,
  `name` varchar(50) NOT NULL COMMENT 'Örn: İçecekler, Yiyecekler'
) ENGINE=InnoDB DEFAULT CHARSET=utf8mb4 COLLATE=utf8mb4_unicode_ci;

--
-- Tablo döküm verisi `kitchen_views`
--

INSERT INTO `kitchen_views` (`id`, `name`) VALUES
(1, 'İçecekler'),
(2, 'Yemekler'),
(3, 'Tüm Siparişleri karşılayan mutfak');

-- --------------------------------------------------------

--
-- Tablo için tablo yapısı `kitchen_view_categories`
--

CREATE TABLE `kitchen_view_categories` (
  `view_id` int(10) UNSIGNED NOT NULL,
  `category_id` int(10) UNSIGNED NOT NULL
) ENGINE=InnoDB DEFAULT CHARSET=utf8mb4 COLLATE=utf8mb4_unicode_ci;

--
-- Tablo döküm verisi `kitchen_view_categories`
--

INSERT INTO `kitchen_view_categories` (`view_id`, `category_id`) VALUES
(1, 1),
(1, 7),
(1, 10),
(1, 11),
(1, 12),
(2, 9),
(3, 1),
(3, 7),
(3, 8),
(3, 9),
(3, 10),
(3, 11),
(3, 12);

-- --------------------------------------------------------

--
-- Tablo için tablo yapısı `orders`
--

CREATE TABLE `orders` (
  `id` int(10) UNSIGNED NOT NULL,
  `invoice_no` varchar(30) DEFAULT NULL,
  `table_id` int(10) UNSIGNED DEFAULT NULL,
  `user_id` int(10) UNSIGNED NOT NULL,
  `sub_total` decimal(10,2) NOT NULL DEFAULT 0.00,
  `order_tax` decimal(10,2) NOT NULL DEFAULT 0.00,
  `discount` decimal(10,2) NOT NULL DEFAULT 0.00,
  `shipping` decimal(10,2) NOT NULL DEFAULT 0.00,
  `customer_name` varchar(100) DEFAULT NULL,
  `status` enum('open','in_progress','closed','cancelled') NOT NULL DEFAULT 'open',
  `is_cancelled` tinyint(1) NOT NULL DEFAULT 0,
  `payment_type` enum('cash','credit_card','credit_sale') NOT NULL DEFAULT 'cash',
  `total_amount` decimal(10,2) NOT NULL DEFAULT 0.00,
  `created_at` timestamp NOT NULL DEFAULT current_timestamp(),
  `closed_at` datetime DEFAULT NULL
) ENGINE=InnoDB DEFAULT CHARSET=utf8mb4 COLLATE=utf8mb4_general_ci;

--
-- Tablo döküm verisi `orders`
--

INSERT INTO `orders` (`id`, `invoice_no`, `table_id`, `user_id`, `sub_total`, `order_tax`, `discount`, `shipping`, `customer_name`, `status`, `is_cancelled`, `payment_type`, `total_amount`, `created_at`, `closed_at`) VALUES
(35, 'POS406062', NULL, 9, 152.50, 0.00, 0.00, 0.00, 'Altan Ürgün', 'open', 0, 'cash', 152.50, '2025-06-05 11:09:06', NULL),
(41, 'POS137427', NULL, 9, 303.60, 0.00, 0.00, 0.00, 'selim Ürgün', 'open', 0, 'cash', 303.60, '2025-06-05 12:06:00', NULL),
(42, 'POS032313', NULL, 9, 1839.60, 0.00, 0.00, 0.00, 'selim Ürgün', 'open', 0, 'cash', 1839.60, '2025-06-05 12:50:07', NULL),
(43, NULL, NULL, 9, 291.60, 0.00, 0.00, 0.00, 'selim Ürgün', 'open', 0, 'cash', 291.60, '2025-06-05 12:55:55', NULL),
(44, 'POS241973', NULL, 9, 278.60, 0.00, 0.00, 0.00, 'selim Ürgün', 'open', 0, 'cash', 278.60, '2025-06-05 13:00:53', NULL),
(45, NULL, NULL, 9, 258.60, 0.00, 0.00, 0.00, 'selim Ürgün', 'open', 0, 'cash', 258.60, '2025-06-09 19:32:23', NULL),
(47, 'POS20250612120611', 20, 9, 175.00, 25.00, 25.00, 15.00, '', 'open', 0, 'cash', 190.00, '2025-06-12 12:06:11', NULL),
(48, 'POS20250612120617', 20, 9, 175.00, 25.00, 25.00, 15.00, '', 'open', 0, 'cash', 190.00, '2025-06-12 12:06:17', NULL),
(49, 'POS20250612121311', 20, 9, 95.00, 0.00, 0.00, 0.00, '', 'open', 0, 'cash', 95.00, '2025-06-12 12:13:11', NULL),
(50, 'POS20250612121651', 20, 9, 1540.00, 5.00, 15.00, 15.00, '', 'open', 0, 'cash', 1545.00, '2025-06-12 12:16:51', NULL),
(51, 'POS20250612122347', 20, 9, 505.00, 5.00, 10.00, 15.00, '', 'open', 0, 'cash', 515.00, '2025-06-12 12:23:47', NULL),
(52, 'POS20250612122530', 20, 9, 835.00, 20.00, 5.00, 15.00, '', 'open', 0, 'cash', 865.00, '2025-06-12 12:25:30', NULL),
(53, 'POS20250612122647', 20, 9, 115.00, 0.00, 0.00, 0.00, '', 'open', 0, 'cash', 115.00, '2025-06-12 12:26:47', NULL),
(54, 'POS20250612122811', 20, 9, 40.00, 0.00, 0.00, 0.00, '', 'open', 0, 'cash', 40.00, '2025-06-12 12:28:11', NULL),
(55, 'POS20250612123130', 20, 9, 115.00, 0.00, 0.00, 0.00, '', 'open', 0, 'cash', 115.00, '2025-06-12 12:31:30', NULL),
(56, 'POS20250612123655', 20, 9, 600.00, 5.00, 10.00, 15.00, '', 'open', 0, 'cash', 610.00, '2025-06-12 12:36:55', NULL),
(57, 'POS20250612123747', 20, 9, 350.00, 0.00, 0.00, 0.00, '', 'open', 0, 'cash', 350.00, '2025-06-12 12:37:47', NULL),
(58, 'POS20250612123910', 22, 9, 95.00, 0.00, 0.00, 0.00, '', 'open', 0, 'cash', 95.00, '2025-06-12 12:39:10', NULL),
(59, 'POS20250612124917', 20, 9, 250.00, 0.00, 0.00, 0.00, '', 'open', 0, 'cash', 250.00, '2025-06-12 12:49:17', NULL),
(60, 'POS20250612131823', 20, 9, 1455.00, 0.00, 0.00, 0.00, '', 'open', 0, 'cash', 1455.00, '2025-06-12 13:18:23', NULL),
(61, 'POS20250612131950', 20, 9, 795.00, 0.00, 0.00, 0.00, '', 'open', 0, 'cash', 795.00, '2025-06-12 13:19:50', NULL),
(62, 'POS20250612140739', 20, 9, 720.00, 5.00, 5.00, 15.00, '', 'open', 0, 'cash', 735.00, '2025-06-12 14:07:39', NULL),
(63, 'POS20250612140821', 20, 9, 20.00, 0.00, 0.00, 0.00, '', 'open', 0, 'cash', 20.00, '2025-06-12 14:08:21', NULL),
(64, 'POS20250612141120', 20, 9, 110.00, 0.00, 0.00, 0.00, '', 'open', 0, 'cash', 110.00, '2025-06-12 14:11:20', NULL),
(65, 'POS20250612141221', 20, 9, 110.00, 0.00, 0.00, 0.00, '', 'open', 0, 'cash', 110.00, '2025-06-12 14:12:21', NULL),
(66, 'POS20250612141656', 19, 9, 115.00, 0.00, 0.00, 0.00, '', 'open', 0, 'cash', 115.00, '2025-06-12 14:16:56', NULL),
(67, 'POS20250612141718', 19, 9, 20.00, 0.00, 0.00, 0.00, '', 'open', 0, 'cash', 20.00, '2025-06-12 14:17:18', NULL),
(68, 'POS20250612141902', 19, 9, 20.00, 0.00, 0.00, 0.00, '', 'open', 0, 'cash', 20.00, '2025-06-12 14:19:02', NULL),
(69, 'POS20250612141928', 19, 9, 365.00, 0.00, 0.00, 0.00, '', 'open', 0, 'cash', 365.00, '2025-06-12 14:19:28', NULL),
(70, 'POS20250612142116', 21, 9, 110.00, 0.00, 0.00, 0.00, '', 'open', 0, 'cash', 110.00, '2025-06-12 14:21:16', NULL),
(71, 'POS20250612142237', 22, 9, 235.00, 0.00, 0.00, 0.00, '', 'open', 0, 'cash', 235.00, '2025-06-12 14:22:37', NULL),
(72, 'POS20250612142505', 18, 9, 110.00, 25.00, 20.00, 0.00, '', 'open', 0, 'cash', 115.00, '2025-06-12 14:25:05', NULL),
(73, 'POS20250612142641', 18, 9, 235.00, 25.00, 20.00, 0.00, '', 'open', 0, 'cash', 240.00, '2025-06-12 14:26:41', NULL),
(74, 'POS20250612142855', 19, 9, 350.00, 0.00, 0.00, 0.00, '', 'open', 0, 'cash', 350.00, '2025-06-12 14:28:55', NULL),
(75, 'POS20250612143350', 18, 9, 745.00, 0.00, 0.00, 0.00, '', 'open', 0, 'cash', 745.00, '2025-06-12 14:33:50', NULL),
(76, 'POS20250612143442', 19, 9, 355.00, 0.00, 0.00, 0.00, '', 'open', 0, 'cash', 355.00, '2025-06-12 14:34:42', NULL),
(77, 'POS20250612144558', 20, 9, 20.00, 0.00, 0.00, 0.00, '', 'open', 0, 'cash', 20.00, '2025-06-12 14:45:58', NULL),
(78, 'POS20250612144659', 18, 9, 20.00, 0.00, 0.00, 0.00, '', 'open', 0, 'cash', 20.00, '2025-06-12 14:46:59', NULL),
(79, 'POS20250612144906', 20, 9, 465.00, 0.00, 0.00, 0.00, '', 'open', 0, 'cash', 465.00, '2025-06-12 14:49:06', NULL),
(80, 'POS20250612145017', 20, 9, 40.00, 0.00, 0.00, 0.00, '', 'open', 0, 'cash', 40.00, '2025-06-12 14:50:17', NULL),
(81, 'POS20250613063111', 20, 9, 40.00, 0.00, 0.00, 0.00, '', 'open', 0, 'cash', 40.00, '2025-06-13 06:31:11', NULL),
(82, 'POS20250613063154', 20, 9, 125.00, 0.00, 0.00, 0.00, '', 'open', 0, 'credit_card', 125.00, '2025-06-13 06:31:54', NULL),
(83, 'POS20250613073520', 18, 9, 630.00, 0.00, 0.00, 0.00, '', 'open', 0, 'cash', 630.00, '2025-06-13 07:35:20', NULL),
(89, 'POS20250613113950', 20, 9, 125.00, 0.00, 0.00, 0.00, '', 'open', 0, 'cash', 125.00, '2025-06-13 11:39:50', NULL),
(90, 'POS20250613115337', 20, 9, 90.00, 0.00, 0.00, 0.00, '', 'open', 0, 'cash', 90.00, '2025-06-13 11:53:37', NULL),
(91, 'POS20250613115343', 20, 9, 90.00, 0.00, 0.00, 0.00, '', 'open', 0, 'cash', 90.00, '2025-06-13 11:53:43', NULL),
(92, 'POS20250613115352', 20, 9, 20.00, 0.00, 0.00, 0.00, '', 'open', 0, 'cash', 20.00, '2025-06-13 11:53:52', NULL),
(93, 'POS20250613122640', 20, 9, 110.00, 0.00, 0.00, 0.00, '', 'open', 0, 'cash', 110.00, '2025-06-13 12:26:40', NULL),
(94, NULL, NULL, 9, 278.60, 0.00, 0.00, 0.00, 'selim Ürgün', 'open', 0, 'cash', 278.60, '2025-06-13 13:45:05', NULL),
(95, NULL, NULL, 9, 278.60, 0.00, 0.00, 0.00, 'selim Ürgün', 'open', 0, 'cash', 278.60, '2025-06-13 13:45:12', NULL);

-- --------------------------------------------------------

--
-- Tablo için tablo yapısı `order_items`
--

CREATE TABLE `order_items` (
  `id` int(10) UNSIGNED NOT NULL,
  `order_id` int(10) UNSIGNED NOT NULL,
  `product_id` int(10) UNSIGNED NOT NULL,
  `quantity` tinyint(3) UNSIGNED NOT NULL DEFAULT 1,
  `unit_price` decimal(10,2) NOT NULL,
  `discount` decimal(15,2) NOT NULL DEFAULT 0.00,
  `tax_amount` decimal(15,2) NOT NULL DEFAULT 0.00,
  `sub_total` decimal(10,2) NOT NULL,
  `created_at` timestamp NOT NULL DEFAULT current_timestamp()
) ENGINE=InnoDB DEFAULT CHARSET=utf8mb4 COLLATE=utf8mb4_general_ci;

--
-- Tablo döküm verisi `order_items`
--

INSERT INTO `order_items` (`id`, `order_id`, `product_id`, `quantity`, `unit_price`, `discount`, `tax_amount`, `sub_total`, `created_at`) VALUES
(35, 35, 2, 1, 35.00, 10.00, 2.50, 27.50, '2025-06-05 11:09:06'),
(36, 35, 3, 1, 125.00, 0.00, 0.00, 125.00, '2025-06-05 11:09:06'),
(45, 41, 4, 1, 100.00, 2.00, 19.60, 117.60, '2025-06-05 12:16:16'),
(46, 41, 2, 1, 40.00, 10.00, 6.00, 36.00, '2025-06-05 12:16:16'),
(47, 41, 3, 1, 125.00, 0.00, 25.00, 150.00, '2025-06-05 12:16:16'),
(48, 42, 4, 6, 100.00, 2.00, 119.60, 717.60, '2025-06-05 12:50:07'),
(49, 42, 2, 8, 40.00, 10.00, 62.00, 372.00, '2025-06-05 12:50:07'),
(50, 42, 3, 6, 125.00, 0.00, 0.00, 750.00, '2025-06-05 12:50:07'),
(51, 43, 4, 1, 100.00, 2.00, 19.60, 117.60, '2025-06-05 12:55:55'),
(52, 43, 2, 1, 40.00, 10.00, 6.00, 36.00, '2025-06-05 12:55:55'),
(53, 43, 3, 1, 125.00, 10.00, 23.00, 138.00, '2025-06-05 12:55:55'),
(54, 44, 4, 1, 100.00, 2.00, 19.60, 117.60, '2025-06-05 13:00:53'),
(55, 44, 2, 1, 40.00, 10.00, 6.00, 36.00, '2025-06-05 13:00:53'),
(56, 44, 3, 1, 125.00, 0.00, 0.00, 125.00, '2025-06-05 13:00:53'),
(57, 45, 2, 1, 40.00, 10.00, 6.00, 36.00, '2025-06-09 19:32:23'),
(58, 45, 3, 1, 125.00, 20.00, 0.00, 105.00, '2025-06-09 19:32:23'),
(59, 45, 4, 1, 100.00, 2.00, 19.60, 117.60, '2025-06-09 19:32:23'),
(63, 47, 8, 1, 95.00, 0.00, 0.00, 95.00, '2025-06-12 12:06:11'),
(64, 47, 7, 4, 20.00, 0.00, 0.00, 80.00, '2025-06-12 12:06:11'),
(65, 48, 8, 1, 95.00, 0.00, 0.00, 95.00, '2025-06-12 12:06:17'),
(66, 48, 7, 4, 20.00, 0.00, 0.00, 80.00, '2025-06-12 12:06:17'),
(67, 49, 8, 1, 95.00, 0.00, 0.00, 95.00, '2025-06-12 12:13:11'),
(68, 50, 6, 2, 90.00, 0.00, 0.00, 180.00, '2025-06-12 12:16:51'),
(69, 50, 9, 3, 250.00, 0.00, 0.00, 750.00, '2025-06-12 12:16:51'),
(70, 50, 5, 2, 115.00, 0.00, 0.00, 230.00, '2025-06-12 12:16:51'),
(71, 50, 2, 1, 40.00, 0.00, 0.00, 40.00, '2025-06-12 12:16:51'),
(72, 50, 7, 1, 20.00, 0.00, 0.00, 20.00, '2025-06-12 12:16:51'),
(73, 50, 3, 1, 125.00, 0.00, 0.00, 125.00, '2025-06-12 12:16:51'),
(74, 50, 8, 1, 95.00, 0.00, 0.00, 95.00, '2025-06-12 12:16:51'),
(75, 50, 4, 1, 100.00, 0.00, 0.00, 100.00, '2025-06-12 12:16:51'),
(76, 51, 9, 1, 250.00, 0.00, 0.00, 250.00, '2025-06-12 12:23:47'),
(77, 51, 4, 1, 100.00, 0.00, 0.00, 100.00, '2025-06-12 12:23:47'),
(78, 51, 5, 1, 115.00, 0.00, 0.00, 115.00, '2025-06-12 12:23:47'),
(79, 51, 2, 1, 40.00, 0.00, 0.00, 40.00, '2025-06-12 12:23:47'),
(80, 52, 5, 1, 115.00, 0.00, 0.00, 115.00, '2025-06-12 12:25:30'),
(81, 52, 2, 1, 40.00, 0.00, 0.00, 40.00, '2025-06-12 12:25:30'),
(82, 52, 9, 1, 250.00, 0.00, 0.00, 250.00, '2025-06-12 12:25:30'),
(83, 52, 4, 1, 100.00, 0.00, 0.00, 100.00, '2025-06-12 12:25:30'),
(84, 52, 7, 1, 20.00, 0.00, 0.00, 20.00, '2025-06-12 12:25:30'),
(85, 52, 6, 1, 90.00, 0.00, 0.00, 90.00, '2025-06-12 12:25:30'),
(86, 52, 3, 1, 125.00, 0.00, 0.00, 125.00, '2025-06-12 12:25:30'),
(87, 52, 8, 1, 95.00, 0.00, 0.00, 95.00, '2025-06-12 12:25:30'),
(88, 53, 5, 1, 115.00, 0.00, 0.00, 115.00, '2025-06-12 12:26:47'),
(89, 54, 2, 1, 40.00, 0.00, 0.00, 40.00, '2025-06-12 12:28:11'),
(90, 55, 5, 1, 115.00, 0.00, 0.00, 115.00, '2025-06-12 12:31:30'),
(91, 56, 3, 2, 125.00, 0.00, 0.00, 250.00, '2025-06-12 12:36:55'),
(92, 56, 4, 1, 100.00, 0.00, 0.00, 100.00, '2025-06-12 12:36:55'),
(93, 56, 9, 1, 250.00, 0.00, 0.00, 250.00, '2025-06-12 12:36:55'),
(94, 57, 4, 1, 100.00, 0.00, 0.00, 100.00, '2025-06-12 12:37:47'),
(95, 57, 9, 1, 250.00, 0.00, 0.00, 250.00, '2025-06-12 12:37:47'),
(96, 58, 8, 1, 95.00, 0.00, 0.00, 95.00, '2025-06-12 12:39:10'),
(97, 59, 9, 1, 250.00, 0.00, 0.00, 250.00, '2025-06-12 12:49:17'),
(98, 60, 6, 2, 90.00, 0.00, 0.00, 180.00, '2025-06-12 13:18:23'),
(99, 60, 2, 2, 40.00, 0.00, 0.00, 80.00, '2025-06-12 13:18:23'),
(100, 60, 4, 1, 100.00, 0.00, 0.00, 100.00, '2025-06-12 13:18:23'),
(101, 60, 7, 2, 20.00, 0.00, 0.00, 40.00, '2025-06-12 13:18:23'),
(102, 60, 3, 2, 125.00, 0.00, 0.00, 250.00, '2025-06-12 13:18:23'),
(103, 60, 8, 2, 95.00, 0.00, 0.00, 190.00, '2025-06-12 13:18:23'),
(104, 60, 5, 1, 115.00, 0.00, 0.00, 115.00, '2025-06-12 13:18:23'),
(105, 60, 9, 2, 250.00, 0.00, 0.00, 500.00, '2025-06-12 13:18:23'),
(106, 61, 8, 1, 95.00, 0.00, 0.00, 95.00, '2025-06-12 13:19:50'),
(107, 61, 7, 1, 20.00, 0.00, 0.00, 20.00, '2025-06-12 13:19:50'),
(108, 61, 6, 1, 90.00, 0.00, 0.00, 90.00, '2025-06-12 13:19:50'),
(109, 61, 3, 1, 125.00, 0.00, 0.00, 125.00, '2025-06-12 13:19:50'),
(110, 61, 5, 1, 115.00, 0.00, 0.00, 115.00, '2025-06-12 13:19:50'),
(111, 61, 9, 1, 250.00, 0.00, 0.00, 250.00, '2025-06-12 13:19:50'),
(112, 61, 4, 1, 100.00, 0.00, 0.00, 100.00, '2025-06-12 13:19:50'),
(113, 62, 7, 1, 20.00, 0.00, 0.00, 20.00, '2025-06-12 14:07:39'),
(114, 62, 6, 1, 90.00, 0.00, 0.00, 90.00, '2025-06-12 14:07:39'),
(115, 62, 3, 1, 125.00, 0.00, 0.00, 125.00, '2025-06-12 14:07:39'),
(116, 62, 2, 1, 40.00, 0.00, 0.00, 40.00, '2025-06-12 14:07:39'),
(117, 62, 9, 1, 250.00, 0.00, 0.00, 250.00, '2025-06-12 14:07:39'),
(118, 62, 4, 1, 100.00, 0.00, 0.00, 100.00, '2025-06-12 14:07:39'),
(119, 62, 8, 1, 95.00, 0.00, 0.00, 95.00, '2025-06-12 14:07:39'),
(120, 63, 7, 1, 20.00, 0.00, 0.00, 20.00, '2025-06-12 14:08:21'),
(121, 64, 6, 1, 90.00, 0.00, 0.00, 90.00, '2025-06-12 14:11:20'),
(122, 64, 7, 1, 20.00, 0.00, 0.00, 20.00, '2025-06-12 14:11:20'),
(123, 65, 6, 1, 90.00, 0.00, 0.00, 90.00, '2025-06-12 14:12:21'),
(124, 65, 7, 1, 20.00, 0.00, 0.00, 20.00, '2025-06-12 14:12:21'),
(125, 66, 5, 1, 115.00, 0.00, 0.00, 115.00, '2025-06-12 14:16:56'),
(126, 67, 7, 1, 20.00, 0.00, 0.00, 20.00, '2025-06-12 14:17:18'),
(127, 68, 7, 1, 20.00, 0.00, 0.00, 20.00, '2025-06-12 14:19:02'),
(128, 69, 5, 1, 115.00, 0.00, 0.00, 115.00, '2025-06-12 14:19:28'),
(129, 69, 9, 1, 250.00, 0.00, 0.00, 250.00, '2025-06-12 14:19:28'),
(130, 70, 6, 1, 90.00, 0.00, 0.00, 90.00, '2025-06-12 14:21:16'),
(131, 70, 7, 1, 20.00, 0.00, 0.00, 20.00, '2025-06-12 14:21:16'),
(132, 71, 7, 1, 20.00, 0.00, 0.00, 20.00, '2025-06-12 14:22:37'),
(133, 71, 6, 1, 90.00, 0.00, 0.00, 90.00, '2025-06-12 14:22:37'),
(134, 71, 3, 1, 125.00, 0.00, 0.00, 125.00, '2025-06-12 14:22:37'),
(135, 72, 7, 1, 20.00, 0.00, 0.00, 20.00, '2025-06-12 14:25:05'),
(136, 72, 6, 1, 90.00, 0.00, 0.00, 90.00, '2025-06-12 14:25:05'),
(137, 73, 7, 1, 20.00, 0.00, 0.00, 20.00, '2025-06-12 14:26:41'),
(138, 73, 6, 1, 90.00, 0.00, 0.00, 90.00, '2025-06-12 14:26:41'),
(139, 73, 3, 1, 125.00, 0.00, 0.00, 125.00, '2025-06-12 14:26:41'),
(140, 74, 8, 1, 95.00, 0.00, 0.00, 95.00, '2025-06-12 14:28:55'),
(141, 74, 6, 1, 90.00, 0.00, 0.00, 90.00, '2025-06-12 14:28:55'),
(142, 74, 3, 1, 125.00, 0.00, 0.00, 125.00, '2025-06-12 14:28:55'),
(143, 74, 2, 1, 40.00, 0.00, 0.00, 40.00, '2025-06-12 14:28:55'),
(144, 75, 3, 1, 125.00, 0.00, 0.00, 125.00, '2025-06-12 14:33:50'),
(145, 75, 2, 1, 40.00, 0.00, 0.00, 40.00, '2025-06-12 14:33:50'),
(146, 75, 7, 1, 20.00, 0.00, 0.00, 20.00, '2025-06-12 14:33:50'),
(147, 75, 5, 1, 115.00, 0.00, 0.00, 115.00, '2025-06-12 14:33:50'),
(148, 75, 9, 1, 250.00, 0.00, 0.00, 250.00, '2025-06-12 14:33:50'),
(149, 75, 4, 1, 100.00, 0.00, 0.00, 100.00, '2025-06-12 14:33:50'),
(150, 75, 8, 1, 95.00, 0.00, 0.00, 95.00, '2025-06-12 14:33:50'),
(151, 76, 2, 3, 40.00, 0.00, 0.00, 120.00, '2025-06-12 14:34:42'),
(152, 76, 3, 1, 125.00, 0.00, 0.00, 125.00, '2025-06-12 14:34:42'),
(153, 76, 6, 1, 90.00, 0.00, 0.00, 90.00, '2025-06-12 14:34:42'),
(154, 76, 7, 1, 20.00, 0.00, 0.00, 20.00, '2025-06-12 14:34:42'),
(155, 77, 7, 1, 20.00, 0.00, 0.00, 20.00, '2025-06-12 14:45:58'),
(156, 78, 7, 1, 20.00, 0.00, 0.00, 20.00, '2025-06-12 14:46:59'),
(157, 79, 9, 1, 250.00, 0.00, 0.00, 250.00, '2025-06-12 14:49:06'),
(158, 79, 4, 1, 100.00, 0.00, 0.00, 100.00, '2025-06-12 14:49:06'),
(159, 79, 7, 1, 20.00, 0.00, 0.00, 20.00, '2025-06-12 14:49:06'),
(160, 79, 8, 1, 95.00, 0.00, 0.00, 95.00, '2025-06-12 14:49:06'),
(161, 80, 2, 1, 40.00, 0.00, 0.00, 40.00, '2025-06-12 14:50:17'),
(162, 81, 2, 1, 40.00, 0.00, 0.00, 40.00, '2025-06-13 06:31:11'),
(163, 82, 3, 1, 125.00, 0.00, 0.00, 125.00, '2025-06-13 06:31:54'),
(164, 83, 7, 1, 20.00, 0.00, 0.00, 20.00, '2025-06-13 07:35:20'),
(165, 83, 3, 1, 125.00, 0.00, 0.00, 125.00, '2025-06-13 07:35:20'),
(166, 83, 2, 1, 40.00, 0.00, 0.00, 40.00, '2025-06-13 07:35:20'),
(167, 83, 9, 1, 250.00, 0.00, 0.00, 250.00, '2025-06-13 07:35:20'),
(168, 83, 4, 1, 100.00, 0.00, 0.00, 100.00, '2025-06-13 07:35:20'),
(169, 83, 8, 1, 95.00, 0.00, 0.00, 95.00, '2025-06-13 07:35:20'),
(197, 89, 3, 1, 125.00, 0.00, 0.00, 125.00, '2025-06-13 11:39:50'),
(198, 90, 6, 1, 90.00, 0.00, 0.00, 90.00, '2025-06-13 11:53:37'),
(199, 91, 6, 1, 90.00, 0.00, 0.00, 90.00, '2025-06-13 11:53:43'),
(200, 92, 7, 1, 20.00, 0.00, 0.00, 20.00, '2025-06-13 11:53:52'),
(201, 93, 6, 1, 90.00, 0.00, 0.00, 90.00, '2025-06-13 12:26:40'),
(202, 93, 7, 1, 20.00, 0.00, 0.00, 20.00, '2025-06-13 12:26:40'),
(203, 94, 4, 1, 100.00, 2.00, 19.60, 117.60, '2025-06-13 13:45:05'),
(204, 94, 3, 1, 125.00, 0.00, 0.00, 125.00, '2025-06-13 13:45:05'),
(205, 94, 2, 1, 40.00, 10.00, 6.00, 36.00, '2025-06-13 13:45:05'),
(206, 95, 4, 1, 100.00, 2.00, 19.60, 117.60, '2025-06-13 13:45:12'),
(207, 95, 3, 1, 125.00, 0.00, 0.00, 125.00, '2025-06-13 13:45:12'),
(208, 95, 2, 1, 40.00, 10.00, 6.00, 36.00, '2025-06-13 13:45:12');

-- --------------------------------------------------------

--
-- Tablo için tablo yapısı `payments`
--

CREATE TABLE `payments` (
  `id` int(10) UNSIGNED NOT NULL,
  `order_id` int(10) UNSIGNED NOT NULL,
  `amount` decimal(10,2) NOT NULL,
  `method` enum('cash','credit_card','bank_transfer','other') NOT NULL,
  `paid_at` datetime NOT NULL,
  `notes` varchar(255) DEFAULT NULL
) ENGINE=InnoDB DEFAULT CHARSET=utf8mb4 COLLATE=utf8mb4_general_ci;

--
-- Tablo döküm verisi `payments`
--

INSERT INTO `payments` (`id`, `order_id`, `amount`, `method`, `paid_at`, `notes`) VALUES
(1, 47, 190.00, 'cash', '2025-06-12 12:06:11', NULL),
(2, 48, 190.00, 'cash', '2025-06-12 12:06:17', NULL),
(3, 49, 95.00, 'cash', '2025-06-12 12:13:11', NULL),
(4, 50, 1545.00, 'cash', '2025-06-12 12:16:51', NULL),
(5, 51, 515.00, 'cash', '2025-06-12 12:23:47', NULL),
(6, 52, 865.00, 'cash', '2025-06-12 12:25:30', NULL),
(7, 53, 115.00, 'cash', '2025-06-12 12:26:47', NULL),
(8, 54, 40.00, 'cash', '2025-06-12 12:28:11', NULL),
(9, 55, 115.00, 'cash', '2025-06-12 12:31:30', NULL),
(10, 56, 610.00, 'cash', '2025-06-12 12:36:55', NULL),
(11, 57, 350.00, 'cash', '2025-06-12 12:37:47', NULL),
(12, 58, 95.00, 'cash', '2025-06-12 12:39:10', NULL),
(13, 59, 250.00, 'cash', '2025-06-12 12:49:17', NULL),
(14, 60, 1455.00, 'cash', '2025-06-12 13:18:23', NULL),
(15, 61, 795.00, 'cash', '2025-06-12 13:19:50', NULL),
(16, 62, 735.00, 'cash', '2025-06-12 14:07:39', NULL),
(17, 63, 20.00, 'cash', '2025-06-12 14:08:21', NULL),
(18, 64, 110.00, 'cash', '2025-06-12 14:11:20', NULL),
(19, 65, 110.00, 'cash', '2025-06-12 14:12:21', NULL),
(20, 66, 115.00, 'cash', '2025-06-12 14:16:56', NULL),
(21, 67, 20.00, 'cash', '2025-06-12 14:17:18', NULL),
(22, 68, 20.00, 'cash', '2025-06-12 14:19:02', NULL),
(23, 69, 365.00, 'cash', '2025-06-12 14:19:28', NULL),
(24, 70, 110.00, 'cash', '2025-06-12 14:21:16', NULL),
(25, 71, 235.00, 'cash', '2025-06-12 14:22:37', NULL),
(26, 72, 115.00, 'cash', '2025-06-12 14:25:05', NULL),
(27, 73, 240.00, 'cash', '2025-06-12 14:26:41', NULL),
(28, 74, 350.00, 'cash', '2025-06-12 14:28:55', NULL),
(29, 75, 745.00, 'cash', '2025-06-12 14:33:50', NULL),
(30, 76, 355.00, 'cash', '2025-06-12 14:34:42', NULL),
(31, 77, 20.00, 'cash', '2025-06-12 14:45:58', NULL),
(32, 78, 20.00, 'cash', '2025-06-12 14:46:59', NULL),
(33, 79, 465.00, 'cash', '2025-06-12 14:49:06', NULL),
(34, 80, 40.00, 'cash', '2025-06-12 14:50:17', NULL),
(35, 81, 40.00, 'cash', '2025-06-13 06:31:11', NULL),
(36, 82, 125.00, 'credit_card', '2025-06-13 06:31:54', NULL),
(37, 83, 630.00, 'cash', '2025-06-13 07:35:20', NULL),
(43, 89, 125.00, 'cash', '2025-06-13 11:39:50', NULL),
(44, 90, 90.00, 'cash', '2025-06-13 11:53:37', NULL),
(45, 91, 90.00, 'cash', '2025-06-13 11:53:43', NULL),
(46, 92, 20.00, 'cash', '2025-06-13 11:53:52', NULL),
(47, 93, 110.00, 'cash', '2025-06-13 12:26:40', NULL);

-- --------------------------------------------------------

--
-- Tablo için tablo yapısı `permissions`
--

CREATE TABLE `permissions` (
  `id` int(10) UNSIGNED NOT NULL,
  `name` varchar(50) NOT NULL,
  `label` varchar(100) NOT NULL
) ENGINE=InnoDB DEFAULT CHARSET=utf8mb4 COLLATE=utf8mb4_general_ci;

--
-- Tablo döküm verisi `permissions`
--

INSERT INTO `permissions` (`id`, `name`, `label`) VALUES
(2, 'orders', 'Siparişleri Görüntüle'),
(3, 'products', 'Ürünleri Görüntüle'),
(4, 'tables', 'Masaları Görüntüle'),
(6, 'users', 'Kullanıcılar'),
(7, 'reports', 'Raporlar'),
(9, 'categories', 'Kategoriler'),
(10, 'warehoue', 'Depolar'),
(11, 'warehouse_add', 'Depo Ekle'),
(12, 'units', 'ölçüler/birimler'),
(13, 'unit_add', 'Ölçü Ekle'),
(16, 'product_add', 'Ürün Ekle'),
(17, 'category_add', 'Kategori Ekle'),
(18, 'brands', 'Markalar'),
(19, 'brand_add', 'Marka Ekle'),
(23, 'tables_add', 'Tablo Ekle'),
(24, 'warehouses', 'Depolar'),
(25, 'sales', 'Satış Menüsü'),
(26, 'permissions', 'Tüm izinler'),
(27, 'dashboard', 'Anasayfa'),
(28, 'kitchen', 'Mutfak'),
(29, 'pos', 'Hzılı satış ekranı'),
(30, 'kitchen_settings', 'Mutfak Ayarları');

-- --------------------------------------------------------

--
-- Tablo için tablo yapısı `POSorders`
--

CREATE TABLE `POSorders` (
  `id` int(10) UNSIGNED NOT NULL,
  `order_id` int(10) UNSIGNED DEFAULT NULL COMMENT 'Orijinal orders.id referansı',
  `invoice_no` varchar(50) NOT NULL,
  `table_id` int(10) UNSIGNED NOT NULL,
  `customer_name` varchar(255) DEFAULT NULL,
  `sub_total` decimal(15,2) NOT NULL DEFAULT 0.00,
  `order_tax` decimal(15,2) NOT NULL DEFAULT 0.00,
  `discount` decimal(15,2) NOT NULL DEFAULT 0.00,
  `shipping` decimal(15,2) NOT NULL DEFAULT 0.00,
  `total_amount` decimal(15,2) NOT NULL DEFAULT 0.00,
  `payment_type` varchar(50) NOT NULL,
  `created_at` datetime NOT NULL DEFAULT current_timestamp(),
  `status` enum('open','paid','cancelled') NOT NULL DEFAULT 'open',
  `is_cancelled` tinyint(1) NOT NULL DEFAULT 0,
  `cancel_reason` text DEFAULT NULL,
  `paid_at` datetime DEFAULT NULL
) ENGINE=InnoDB DEFAULT CHARSET=utf8mb4 COLLATE=utf8mb4_unicode_ci;

--
-- Tablo döküm verisi `POSorders`
--

INSERT INTO `POSorders` (`id`, `order_id`, `invoice_no`, `table_id`, `customer_name`, `sub_total`, `order_tax`, `discount`, `shipping`, `total_amount`, `payment_type`, `created_at`, `status`, `is_cancelled`, `cancel_reason`, `paid_at`) VALUES
(230, NULL, 'POS20250620123619', 20, '', 70.00, 0.00, 0.00, 0.00, 70.00, 'cash', '2025-06-20 12:36:19', 'paid', 0, NULL, '2025-06-20 12:50:30'),
(231, NULL, 'POS20250620125035', 21, NULL, 0.00, 0.00, 0.00, 0.00, 0.00, 'cash', '2025-06-20 12:50:35', 'open', 0, NULL, NULL),
(232, NULL, 'POS20250620125232', 20, '', 125.00, 0.00, 0.00, 0.00, 125.00, 'credit_card', '2025-06-20 12:52:32', 'paid', 0, NULL, '2025-06-20 12:58:31'),
(233, NULL, 'POS20250620125926', 20, '', 270.00, 0.00, 0.00, 0.00, 270.00, 'credit_card', '2025-06-20 12:59:26', 'paid', 0, NULL, '2025-06-20 13:12:21'),
(234, NULL, 'POS20250620131229', 20, '', 200.00, 0.00, 0.00, 0.00, 200.00, 'credit_card', '2025-06-20 13:12:29', 'paid', 0, NULL, '2025-06-20 13:15:59'),
(235, NULL, 'POS20250620131602', 20, '', 100.00, 0.00, 0.00, 0.00, 100.00, 'credit_card', '2025-06-20 13:16:02', 'paid', 0, NULL, '2025-06-20 13:26:09'),
(236, NULL, 'POS20250620132612', 20, '', 25.00, 0.00, 0.00, 0.00, 25.00, 'credit_card', '2025-06-20 13:26:12', 'paid', 0, NULL, '2025-06-20 13:26:41'),
(237, NULL, 'POS20250620132643', 20, '', 245.00, 0.00, 0.00, 0.00, 245.00, 'credit_card', '2025-06-20 13:26:43', 'paid', 0, NULL, '2025-06-20 13:34:26'),
(238, NULL, 'POS20250620133850', 20, '', 25.00, 0.00, 0.00, 0.00, 25.00, 'cash', '2025-06-20 13:38:50', 'paid', 0, NULL, '2025-06-20 13:39:01'),
(239, NULL, 'POS20250620141808', 20, '', 730.00, 0.00, 0.00, 0.00, 730.00, 'credit_card', '2025-06-20 14:18:08', 'paid', 0, NULL, '2025-06-20 14:21:29'),
(240, NULL, 'POS20250620141815', 19, '', 50.00, 0.00, 0.00, 0.00, 50.00, 'credit_card', '2025-06-20 14:18:15', 'paid', 0, NULL, '2025-06-20 14:18:36'),
(241, NULL, 'POS20250620144001', 20, '', 855.00, 0.00, 0.00, 0.00, 855.00, 'credit_card', '2025-06-20 14:40:01', 'paid', 0, NULL, '2025-06-20 14:57:43'),
(242, NULL, 'POS20250620145748', 20, '', 855.00, 0.00, 0.00, 0.00, 855.00, 'credit_card', '2025-06-20 14:57:48', 'paid', 0, NULL, '2025-06-20 15:10:34'),
(243, NULL, 'POS20250620151629', 20, '', 880.00, 0.00, 0.00, 0.00, 880.00, 'credit_card', '2025-06-20 15:16:29', 'paid', 0, NULL, '2025-06-21 06:32:03'),
(244, NULL, 'POS20250621064303', 20, '', 240.00, 0.00, 0.00, 0.00, 240.00, 'credit_card', '2025-06-21 06:43:03', 'paid', 0, NULL, '2025-06-21 09:29:11'),
(245, NULL, 'POS20250621090655', 19, '', 25.00, 0.00, 0.00, 0.00, 25.00, 'credit_card', '2025-06-21 09:06:55', 'paid', 0, NULL, '2025-06-21 09:29:04');

-- --------------------------------------------------------

--
-- Tablo için tablo yapısı `POSorder_items`
--

CREATE TABLE `POSorder_items` (
  `id` int(10) UNSIGNED NOT NULL,
  `posorder_id` int(10) UNSIGNED NOT NULL,
  `product_id` int(10) UNSIGNED NOT NULL,
  `quantity` int(11) NOT NULL DEFAULT 1,
  `unit_price` decimal(10,2) NOT NULL,
  `sub_total` decimal(10,2) NOT NULL,
  `created_at` datetime NOT NULL DEFAULT current_timestamp(),
  `kitchen_notified` tinyint(1) NOT NULL DEFAULT 0,
  `kitchen_notified_qty` int(11) NOT NULL DEFAULT 0,
  `kitchen_completed` tinyint(1) NOT NULL DEFAULT 0
) ENGINE=InnoDB DEFAULT CHARSET=utf8mb4 COLLATE=utf8mb4_unicode_ci;

--
-- Tablo döküm verisi `POSorder_items`
--

INSERT INTO `POSorder_items` (`id`, `posorder_id`, `product_id`, `quantity`, `unit_price`, `sub_total`, `created_at`, `kitchen_notified`, `kitchen_notified_qty`, `kitchen_completed`) VALUES
(846, 230, 10, 2, 35.00, 70.00, '2025-06-20 12:36:22', 0, 0, 1),
(847, 232, 2, 5, 25.00, 125.00, '2025-06-20 12:52:33', 0, 0, 0),
(848, 233, 6, 3, 90.00, 270.00, '2025-06-20 12:59:42', 0, 0, 1),
(849, 234, 2, 1, 25.00, 25.00, '2025-06-20 13:12:31', 0, 0, 1),
(850, 234, 2, 1, 25.00, 25.00, '2025-06-20 13:12:55', 0, 0, 1),
(851, 234, 2, 1, 25.00, 25.00, '2025-06-20 13:13:23', 0, 0, 1),
(852, 234, 2, 1, 25.00, 25.00, '2025-06-20 13:13:23', 0, 0, 1),
(853, 234, 2, 8, 25.00, 200.00, '2025-06-20 13:15:47', 0, 0, 0),
(854, 235, 2, 1, 25.00, 25.00, '2025-06-20 13:16:04', 0, 0, 1),
(855, 235, 2, 1, 25.00, 25.00, '2025-06-20 13:16:12', 0, 0, 1),
(856, 235, 2, 4, 25.00, 100.00, '2025-06-20 13:16:24', 0, 0, 0),
(857, 236, 2, 1, 25.00, 25.00, '2025-06-20 13:26:19', 0, 0, 0),
(858, 237, 2, 7, 25.00, 175.00, '2025-06-20 13:26:46', 0, 0, 0),
(859, 237, 10, 2, 35.00, 70.00, '2025-06-20 13:33:43', 0, 0, 0),
(860, 238, 2, 1, 25.00, 25.00, '2025-06-20 13:38:52', 0, 0, 0),
(861, 240, 2, 2, 25.00, 50.00, '2025-06-20 14:18:17', 0, 0, 0),
(862, 239, 10, 3, 35.00, 105.00, '2025-06-20 14:20:26', 0, 0, 0),
(863, 239, 2, 1, 25.00, 25.00, '2025-06-20 14:20:55', 0, 0, 0),
(864, 239, 4, 6, 100.00, 600.00, '2025-06-20 14:21:10', 0, 0, 0),
(865, 241, 4, 1, 100.00, 100.00, '2025-06-20 14:40:06', 0, 0, 0),
(866, 241, 3, 1, 125.00, 125.00, '2025-06-20 14:40:14', 0, 0, 0),
(867, 241, 2, 1, 25.00, 25.00, '2025-06-20 14:40:14', 0, 0, 0),
(868, 241, 5, 1, 115.00, 115.00, '2025-06-20 14:40:14', 0, 0, 0),
(869, 241, 9, 1, 250.00, 250.00, '2025-06-20 14:40:14', 0, 0, 0),
(870, 241, 8, 1, 95.00, 95.00, '2025-06-20 14:40:14', 0, 0, 0),
(871, 241, 7, 1, 20.00, 20.00, '2025-06-20 14:40:14', 0, 0, 0),
(872, 241, 6, 1, 90.00, 90.00, '2025-06-20 14:40:14', 0, 0, 0),
(873, 241, 10, 1, 35.00, 35.00, '2025-06-20 14:40:14', 0, 0, 0),
(874, 242, 4, 1, 100.00, 100.00, '2025-06-20 14:57:53', 0, 0, 0),
(875, 242, 9, 1, 250.00, 250.00, '2025-06-20 14:57:53', 0, 0, 0),
(876, 242, 7, 1, 20.00, 20.00, '2025-06-20 14:57:53', 0, 0, 0),
(877, 242, 8, 1, 95.00, 95.00, '2025-06-20 14:57:53', 0, 0, 0),
(878, 242, 5, 1, 115.00, 115.00, '2025-06-20 14:57:53', 0, 0, 0),
(879, 242, 2, 1, 25.00, 25.00, '2025-06-20 14:57:53', 0, 0, 0),
(880, 242, 3, 1, 125.00, 125.00, '2025-06-20 14:57:53', 0, 0, 0),
(881, 242, 6, 1, 90.00, 90.00, '2025-06-20 14:57:53', 0, 0, 0),
(882, 242, 10, 1, 35.00, 35.00, '2025-06-20 14:57:53', 0, 0, 0),
(883, 243, 2, 2, 25.00, 50.00, '2025-06-20 15:16:32', 0, 0, 0),
(884, 243, 5, 1, 115.00, 115.00, '2025-06-20 15:16:50', 0, 0, 0),
(885, 243, 4, 1, 100.00, 100.00, '2025-06-21 06:31:43', 0, 0, 0),
(886, 243, 7, 1, 20.00, 20.00, '2025-06-21 06:31:43', 0, 0, 0),
(887, 243, 9, 1, 250.00, 250.00, '2025-06-21 06:31:43', 0, 0, 0),
(888, 243, 8, 1, 95.00, 95.00, '2025-06-21 06:31:43', 0, 0, 0),
(889, 243, 3, 1, 125.00, 125.00, '2025-06-21 06:31:43', 0, 0, 0),
(890, 243, 6, 1, 90.00, 90.00, '2025-06-21 06:31:43', 0, 0, 0),
(891, 243, 10, 1, 35.00, 35.00, '2025-06-21 06:31:43', 0, 0, 0),
(892, 244, 6, 1, 90.00, 90.00, '2025-06-21 07:12:37', 0, 0, 0),
(893, 244, 3, 1, 125.00, 125.00, '2025-06-21 07:12:37', 0, 0, 0),
(894, 244, 2, 1, 25.00, 25.00, '2025-06-21 07:12:37', 0, 0, 0),
(895, 245, 2, 1, 25.00, 25.00, '2025-06-21 09:06:58', 0, 0, 0);

-- --------------------------------------------------------

--
-- Tablo için tablo yapısı `products`
--

CREATE TABLE `products` (
  `id` int(10) UNSIGNED NOT NULL,
  `category_id` int(10) UNSIGNED NOT NULL,
  `name` varchar(100) NOT NULL,
  `warehouse` varchar(100) DEFAULT NULL,
  `description` text DEFAULT NULL,
  `price` decimal(10,2) NOT NULL DEFAULT 0.00,
  `image_path` varchar(255) DEFAULT NULL,
  `is_active` tinyint(1) NOT NULL DEFAULT 1,
  `created_at` timestamp NOT NULL DEFAULT current_timestamp(),
  `stock` int(11) NOT NULL DEFAULT 0,
  `low_stock_threshold` int(11) NOT NULL DEFAULT 5,
  `depo` varchar(255) DEFAULT NULL,
  `sku` varchar(100) DEFAULT NULL,
  `sub_category` varchar(255) DEFAULT NULL,
  `brand` varchar(100) DEFAULT NULL,
  `unit` varchar(50) DEFAULT NULL,
  `code` varchar(100) DEFAULT NULL,
  `quantity` int(11) DEFAULT 0,
  `discount` decimal(10,2) DEFAULT 0.00,
  `tax` decimal(10,2) DEFAULT 0.00
) ENGINE=InnoDB DEFAULT CHARSET=utf8mb4 COLLATE=utf8mb4_general_ci;

--
-- Tablo döküm verisi `products`
--

INSERT INTO `products` (`id`, `category_id`, `name`, `warehouse`, `description`, `price`, `image_path`, `is_active`, `created_at`, `stock`, `low_stock_threshold`, `depo`, `sku`, `sub_category`, `brand`, `unit`, `code`, `quantity`, `discount`, `tax`) VALUES
(2, 1, 'Küçük Çay', 'Genel', 'Küçük Çay', 25.00, 'uploads/products/product_1748960917_8c33ae48.png', 1, '2025-06-03 14:28:37', 0, 5, NULL, '6654564646513', 'Küçük Bardak', 'Genel', 'Adet', '885695', 100, 10.00, 20.00),
(3, 7, 'Latte', 'Genel', 'Latte', 125.00, 'uploads/products/product_1749106960_cf0b2bbd.jpg', 1, '2025-06-05 07:02:40', 0, 5, NULL, '7499703900961', 'Latte', 'Latte', 'Adet', '', 50, 0.00, 0.00),
(4, 1, 'Duble Çay', 'Orta Depo', '', 100.00, 'uploads/products/product_1749644750_fe513b6b.jpg', 1, '2025-06-05 12:02:22', 0, 5, NULL, '4746470238203', 'Duble Çay', 'Çaykur', 'Adet', '88569587', 100, 2.00, 20.00),
(5, 9, 'Elmalı Turta', 'Orta Depo', 'Elmalı Turta', 115.00, 'uploads/products/product_1749650112_fad8bab6.png', 1, '2025-06-11 13:55:12', 0, 5, NULL, '6553155262907', 'Turtalar', 'Genel', 'Adet', '', 15, 0.00, 0.00),
(6, 10, 'Nane-Limon', 'Orta Depo', '', 90.00, 'uploads/products/product_1749672450_9a6e9bd0.png', 1, '2025-06-11 20:07:30', 0, 5, NULL, '3019210965914', 'Nane-limon', 'Genel', 'Adet', '', 10, 0.00, 0.00),
(7, 12, 'Pepsi Kutu Kola', 'Orta Depo', '', 20.00, 'uploads/products/product_1749672505_640ecf57.png', 1, '2025-06-11 20:08:25', 0, 5, NULL, '3370444242470', 'Kola', 'Genel', 'Adet', '', 0, 0.00, 0.00),
(8, 11, 'portakal Suyu', 'Orta Depo', '', 95.00, 'uploads/products/product_1749672558_d63dcca8.png', 1, '2025-06-11 20:09:18', 0, 5, NULL, '8956118519366', 'portakal', 'Genel', 'Adet', '', 0, 0.00, 0.00),
(9, 8, 'Elmalı Nargile', 'Orta Depo', '', 250.00, 'uploads/products/product_1749672767_a202d978.png', 1, '2025-06-11 20:12:47', 0, 5, NULL, '4648234382026', 'Elmalı Nargile', 'Genel', 'Adet', '', 0, 0.00, 0.00),
(10, 12, 'Niğde Gazozu', 'Genel', '', 35.00, 'uploads/products/product_1750086670_2ace2428.jpg', 1, '2025-06-16 15:11:10', 0, 5, NULL, '8052084891885', 'Gazoz', 'Genel', 'Adet', '98102861', 100, 0.00, 0.00);

-- --------------------------------------------------------

--
-- Tablo için tablo yapısı `roles`
--

CREATE TABLE `roles` (
  `id` int(10) UNSIGNED NOT NULL,
  `role_name` varchar(50) NOT NULL
) ENGINE=InnoDB DEFAULT CHARSET=utf8mb4 COLLATE=utf8mb4_general_ci;

--
-- Tablo döküm verisi `roles`
--

INSERT INTO `roles` (`id`, `role_name`) VALUES
(1, 'Admin'),
(7, 'Misafir'),
(2, 'Mutfakcı'),
(4, 'POS Satışcı'),
(5, 'Ürün Yöneticisi');

-- --------------------------------------------------------

--
-- Tablo için tablo yapısı `role_permissions`
--

CREATE TABLE `role_permissions` (
  `role_id` int(10) UNSIGNED NOT NULL,
  `permission_id` int(10) UNSIGNED NOT NULL
) ENGINE=InnoDB DEFAULT CHARSET=utf8mb4 COLLATE=utf8mb4_general_ci;

--
-- Tablo döküm verisi `role_permissions`
--

INSERT INTO `role_permissions` (`role_id`, `permission_id`) VALUES
(1, 2),
(1, 3),
(1, 4),
(1, 6),
(1, 7),
(1, 9),
(1, 10),
(1, 11),
(1, 12),
(1, 13),
(1, 16),
(1, 17),
(1, 18),
(1, 19),
(1, 23),
(1, 24),
(1, 25),
(1, 26),
(1, 27),
(1, 28),
(1, 29),
(1, 30),
(2, 27),
(2, 28),
(2, 29),
(4, 27),
(4, 29),
(5, 27),
(7, 27);

-- --------------------------------------------------------

--
-- Tablo için tablo yapısı `settings`
--

CREATE TABLE `settings` (
  `id` int(10) UNSIGNED NOT NULL,
  `config_key` varchar(100) NOT NULL,
  `config_value` text NOT NULL,
  `updated_at` timestamp NOT NULL DEFAULT current_timestamp() ON UPDATE current_timestamp()
) ENGINE=InnoDB DEFAULT CHARSET=utf8mb4 COLLATE=utf8mb4_general_ci;

-- --------------------------------------------------------

--
-- Tablo için tablo yapısı `subcategories`
--

CREATE TABLE `subcategories` (
  `id` int(10) UNSIGNED NOT NULL,
  `code` varchar(50) DEFAULT NULL,
  `category_id` int(10) UNSIGNED NOT NULL,
  `name` varchar(100) NOT NULL,
  `description` varchar(255) DEFAULT NULL,
  `image` varchar(255) DEFAULT NULL,
  `created_at` timestamp NOT NULL DEFAULT current_timestamp()
) ENGINE=InnoDB DEFAULT CHARSET=utf8mb4 COLLATE=utf8mb4_general_ci;

--
-- Tablo döküm verisi `subcategories`
--

INSERT INTO `subcategories` (`id`, `code`, `category_id`, `name`, `description`, `image`, `created_at`) VALUES
(1, NULL, 1, 'Küçük Bardak', 'Küçük çay', NULL, '2025-06-03 15:05:12'),
(2, 'SUB0002', 7, 'Latte', 'Latte', 'uploads/subcategories/sub_684140cc23ef34.67305303.jpg', '2025-06-05 07:01:32'),
(6, 'SUB0004', 9, 'Turtalar', 'Turtalar', 'uploads/subcategories/sub_68498ae2510529.91968167.png', '2025-06-11 13:55:46'),
(8, 'SUB0008', 12, 'Kola', 'Kola', 'uploads/subcategories/sub_6849e18164c0c4.00456085.png', '2025-06-11 20:05:21'),
(11, 'SUB0011', 12, 'Gazoz', 'Nigde Gazozu', 'uploads/subcategories/sub_685033a8e2a8e4.93179838.jpg', '2025-06-16 15:09:28');

-- --------------------------------------------------------

--
-- Tablo için tablo yapısı `tables`
--

CREATE TABLE `tables` (
  `id` int(10) UNSIGNED NOT NULL,
  `table_number` varchar(50) NOT NULL,
  `capacity` tinyint(3) UNSIGNED NOT NULL,
  `is_occupied` tinyint(1) NOT NULL DEFAULT 0,
  `created_at` timestamp NOT NULL DEFAULT current_timestamp()
) ENGINE=InnoDB DEFAULT CHARSET=utf8mb4 COLLATE=utf8mb4_general_ci;

--
-- Tablo döküm verisi `tables`
--

INSERT INTO `tables` (`id`, `table_number`, `capacity`, `is_occupied`, `created_at`) VALUES
(15, 'Masa 1', 3, 0, '2025-06-11 13:42:55'),
(16, 'Masa 2', 1, 0, '2025-06-11 13:48:56'),
(18, 'Loca 1', 5, 0, '2025-06-11 13:49:10'),
(19, 'Bahçe 3', 5, 0, '2025-06-11 13:49:35'),
(20, 'Bahçe 1', 7, 0, '2025-06-11 13:49:55'),
(21, 'Bahçe 5', 3, 0, '2025-06-11 13:50:08'),
(22, 'İçeri 5', 4, 0, '2025-06-11 13:50:33'),
(23, 'Bahçe 4', 5, 0, '2025-06-14 12:33:22');

-- --------------------------------------------------------

--
-- Tablo için tablo yapısı `units`
--

CREATE TABLE `units` (
  `id` int(10) UNSIGNED NOT NULL,
  `name` varchar(50) NOT NULL,
  `description` varchar(255) DEFAULT NULL,
  `created_at` timestamp NOT NULL DEFAULT current_timestamp()
) ENGINE=InnoDB DEFAULT CHARSET=utf8mb4 COLLATE=utf8mb4_general_ci;

--
-- Tablo döküm verisi `units`
--

INSERT INTO `units` (`id`, `name`, `description`, `created_at`) VALUES
(1, 'KG', 'Kilogram', '2025-06-03 15:01:05'),
(2, 'M', 'Metre', '2025-06-03 15:01:27'),
(3, 'L', 'Litre', '2025-06-03 15:01:41'),
(4, 'Adet', 'Adet', '2025-06-03 15:01:47');

-- --------------------------------------------------------

--
-- Tablo için tablo yapısı `users`
--

CREATE TABLE `users` (
  `id` int(10) UNSIGNED NOT NULL,
  `username` varchar(50) NOT NULL,
  `password_hash` varchar(255) NOT NULL,
  `full_name` varchar(100) NOT NULL,
  `email` varchar(100) DEFAULT NULL,
  `role_id` smallint(5) UNSIGNED NOT NULL,
  `is_active` tinyint(1) NOT NULL DEFAULT 1,
  `created_at` timestamp NOT NULL DEFAULT current_timestamp(),
  `last_login_at` datetime DEFAULT NULL
) ENGINE=InnoDB DEFAULT CHARSET=utf8mb4 COLLATE=utf8mb4_general_ci;

--
-- Tablo döküm verisi `users`
--

INSERT INTO `users` (`id`, `username`, `password_hash`, `full_name`, `email`, `role_id`, `is_active`, `created_at`, `last_login_at`) VALUES
(9, 'aydarock', '$2y$10$/O7dYpz0Kg05kGDG68zwIOByoOCUvJwD6zBGC8CXzhfI1dNqaSF12', 'Selim ÜRGÜN', 'aydarock@gmail.com', 1, 1, '2025-06-03 11:14:22', '2025-06-21 09:13:59'),
(10, 'arsiviznet', '$2y$10$Uub9yp47b84zjm6Fy2MkYe2kO.vZgIUBAkR0E5a5ZGQm2q0TLlCK2', 'Altan ÜRGÜN', 'arsiviznet@gmail.com', 2, 1, '2025-06-17 08:25:35', '2025-06-21 09:11:45'),
(12, 'Ahmet', '$2y$10$4Jsb9w7cdsvo7qjtuqe9POibI0BehtFciG7sQT9q4.4ya2BJoxf1u', 'Ahmet', 'selim@selimurgun.com.tr', 3, 1, '2025-06-17 08:27:00', NULL);

-- --------------------------------------------------------

--
-- Tablo için tablo yapısı `warehouses`
--

CREATE TABLE `warehouses` (
  `id` int(10) UNSIGNED NOT NULL,
  `name` varchar(100) NOT NULL,
  `description` varchar(255) DEFAULT NULL,
  `created_at` timestamp NOT NULL DEFAULT current_timestamp()
) ENGINE=InnoDB DEFAULT CHARSET=utf8mb4 COLLATE=utf8mb4_general_ci;

--
-- Tablo döküm verisi `warehouses`
--

INSERT INTO `warehouses` (`id`, `name`, `description`, `created_at`) VALUES
(2, 'Genel', '', '2025-06-10 10:23:46');

--
-- Dökümü yapılmış tablolar için indeksler
--

--
-- Tablo için indeksler `brands`
--
ALTER TABLE `brands`
  ADD PRIMARY KEY (`id`),
  ADD UNIQUE KEY `name` (`name`);

--
-- Tablo için indeksler `categories`
--
ALTER TABLE `categories`
  ADD PRIMARY KEY (`id`),
  ADD UNIQUE KEY `code` (`code`);

--
-- Tablo için indeksler `company_info`
--
ALTER TABLE `company_info`
  ADD PRIMARY KEY (`id`);

--
-- Tablo için indeksler `customers`
--
ALTER TABLE `customers`
  ADD PRIMARY KEY (`id`);

--
-- Tablo için indeksler `customer_deposits`
--
ALTER TABLE `customer_deposits`
  ADD PRIMARY KEY (`id`),
  ADD KEY `idx_cd_customer_id` (`customer_id`);

--
-- Tablo için indeksler `customer_docs`
--
ALTER TABLE `customer_docs`
  ADD PRIMARY KEY (`id`),
  ADD KEY `idx_customer_docs_customer_id` (`customer_id`);

--
-- Tablo için indeksler `customer_notes`
--
ALTER TABLE `customer_notes`
  ADD PRIMARY KEY (`id`),
  ADD KEY `idx_customer_notes_customer_id` (`customer_id`);

--
-- Tablo için indeksler `kitchen_queue`
--
ALTER TABLE `kitchen_queue`
  ADD PRIMARY KEY (`id`),
  ADD KEY `idx_table` (`table_id`),
  ADD KEY `fk_kq_order` (`order_id`),
  ADD KEY `fk_kq_item` (`posorder_item_id`),
  ADD KEY `fk_kq_product` (`product_id`);

--
-- Tablo için indeksler `kitchen_tickets`
--
ALTER TABLE `kitchen_tickets`
  ADD PRIMARY KEY (`id`);

--
-- Tablo için indeksler `kitchen_views`
--
ALTER TABLE `kitchen_views`
  ADD PRIMARY KEY (`id`);

--
-- Tablo için indeksler `kitchen_view_categories`
--
ALTER TABLE `kitchen_view_categories`
  ADD PRIMARY KEY (`view_id`,`category_id`),
  ADD KEY `fk_kvc_category` (`category_id`);

--
-- Tablo için indeksler `orders`
--
ALTER TABLE `orders`
  ADD PRIMARY KEY (`id`),
  ADD KEY `fk_orders_users` (`user_id`),
  ADD KEY `fk_orders_tables` (`table_id`);

--
-- Tablo için indeksler `order_items`
--
ALTER TABLE `order_items`
  ADD PRIMARY KEY (`id`),
  ADD KEY `fk_orderitems_orders` (`order_id`),
  ADD KEY `fk_orderitems_products` (`product_id`);

--
-- Tablo için indeksler `payments`
--
ALTER TABLE `payments`
  ADD PRIMARY KEY (`id`),
  ADD KEY `fk_payments_orders` (`order_id`);

--
-- Tablo için indeksler `permissions`
--
ALTER TABLE `permissions`
  ADD PRIMARY KEY (`id`),
  ADD UNIQUE KEY `name` (`name`);

--
-- Tablo için indeksler `POSorders`
--
ALTER TABLE `POSorders`
  ADD PRIMARY KEY (`id`),
  ADD UNIQUE KEY `invoice_no` (`invoice_no`),
  ADD KEY `idx_order_id` (`order_id`),
  ADD KEY `idx_table_id` (`table_id`),
  ADD KEY `idx_created_at` (`created_at`);

--
-- Tablo için indeksler `POSorder_items`
--
ALTER TABLE `POSorder_items`
  ADD PRIMARY KEY (`id`),
  ADD KEY `idx_posorder` (`posorder_id`),
  ADD KEY `idx_product` (`product_id`);

--
-- Tablo için indeksler `products`
--
ALTER TABLE `products`
  ADD PRIMARY KEY (`id`),
  ADD KEY `fk_products_categories` (`category_id`);

--
-- Tablo için indeksler `roles`
--
ALTER TABLE `roles`
  ADD PRIMARY KEY (`id`),
  ADD UNIQUE KEY `role_name` (`role_name`);

--
-- Tablo için indeksler `role_permissions`
--
ALTER TABLE `role_permissions`
  ADD PRIMARY KEY (`role_id`,`permission_id`),
  ADD KEY `fk_rp_perms` (`permission_id`);

--
-- Tablo için indeksler `settings`
--
ALTER TABLE `settings`
  ADD PRIMARY KEY (`id`),
  ADD UNIQUE KEY `config_key` (`config_key`);

--
-- Tablo için indeksler `subcategories`
--
ALTER TABLE `subcategories`
  ADD PRIMARY KEY (`id`),
  ADD KEY `category_id` (`category_id`);

--
-- Tablo için indeksler `tables`
--
ALTER TABLE `tables`
  ADD PRIMARY KEY (`id`);

--
-- Tablo için indeksler `units`
--
ALTER TABLE `units`
  ADD PRIMARY KEY (`id`);

--
-- Tablo için indeksler `users`
--
ALTER TABLE `users`
  ADD PRIMARY KEY (`id`),
  ADD UNIQUE KEY `username` (`username`),
  ADD UNIQUE KEY `email` (`email`),
  ADD KEY `fk_users_roles` (`role_id`);

--
-- Tablo için indeksler `warehouses`
--
ALTER TABLE `warehouses`
  ADD PRIMARY KEY (`id`);

--
-- Dökümü yapılmış tablolar için AUTO_INCREMENT değeri
--

--
-- Tablo için AUTO_INCREMENT değeri `brands`
--
ALTER TABLE `brands`
  MODIFY `id` int(10) UNSIGNED NOT NULL AUTO_INCREMENT, AUTO_INCREMENT=8;

--
-- Tablo için AUTO_INCREMENT değeri `categories`
--
ALTER TABLE `categories`
  MODIFY `id` int(10) UNSIGNED NOT NULL AUTO_INCREMENT, AUTO_INCREMENT=13;

--
-- Tablo için AUTO_INCREMENT değeri `company_info`
--
ALTER TABLE `company_info`
  MODIFY `id` int(10) UNSIGNED NOT NULL AUTO_INCREMENT, AUTO_INCREMENT=2;

--
-- Tablo için AUTO_INCREMENT değeri `customers`
--
ALTER TABLE `customers`
  MODIFY `id` int(10) UNSIGNED NOT NULL AUTO_INCREMENT, AUTO_INCREMENT=4;

--
-- Tablo için AUTO_INCREMENT değeri `customer_deposits`
--
ALTER TABLE `customer_deposits`
  MODIFY `id` int(11) NOT NULL AUTO_INCREMENT, AUTO_INCREMENT=4;

--
-- Tablo için AUTO_INCREMENT değeri `customer_docs`
--
ALTER TABLE `customer_docs`
  MODIFY `id` int(11) NOT NULL AUTO_INCREMENT, AUTO_INCREMENT=5;

--
-- Tablo için AUTO_INCREMENT değeri `customer_notes`
--
ALTER TABLE `customer_notes`
  MODIFY `id` int(11) NOT NULL AUTO_INCREMENT, AUTO_INCREMENT=3;

--
-- Tablo için AUTO_INCREMENT değeri `kitchen_queue`
--
ALTER TABLE `kitchen_queue`
  MODIFY `id` int(10) UNSIGNED NOT NULL AUTO_INCREMENT, AUTO_INCREMENT=52;

--
-- Tablo için AUTO_INCREMENT değeri `kitchen_tickets`
--
ALTER TABLE `kitchen_tickets`
  MODIFY `id` int(10) UNSIGNED NOT NULL AUTO_INCREMENT;

--
-- Tablo için AUTO_INCREMENT değeri `kitchen_views`
--
ALTER TABLE `kitchen_views`
  MODIFY `id` int(10) UNSIGNED NOT NULL AUTO_INCREMENT, AUTO_INCREMENT=5;

--
-- Tablo için AUTO_INCREMENT değeri `orders`
--
ALTER TABLE `orders`
  MODIFY `id` int(10) UNSIGNED NOT NULL AUTO_INCREMENT, AUTO_INCREMENT=96;

--
-- Tablo için AUTO_INCREMENT değeri `order_items`
--
ALTER TABLE `order_items`
  MODIFY `id` int(10) UNSIGNED NOT NULL AUTO_INCREMENT, AUTO_INCREMENT=209;

--
-- Tablo için AUTO_INCREMENT değeri `payments`
--
ALTER TABLE `payments`
  MODIFY `id` int(10) UNSIGNED NOT NULL AUTO_INCREMENT, AUTO_INCREMENT=48;

--
-- Tablo için AUTO_INCREMENT değeri `permissions`
--
ALTER TABLE `permissions`
  MODIFY `id` int(10) UNSIGNED NOT NULL AUTO_INCREMENT, AUTO_INCREMENT=31;

--
-- Tablo için AUTO_INCREMENT değeri `POSorders`
--
ALTER TABLE `POSorders`
  MODIFY `id` int(10) UNSIGNED NOT NULL AUTO_INCREMENT, AUTO_INCREMENT=246;

--
-- Tablo için AUTO_INCREMENT değeri `POSorder_items`
--
ALTER TABLE `POSorder_items`
  MODIFY `id` int(10) UNSIGNED NOT NULL AUTO_INCREMENT, AUTO_INCREMENT=896;

--
-- Tablo için AUTO_INCREMENT değeri `products`
--
ALTER TABLE `products`
  MODIFY `id` int(10) UNSIGNED NOT NULL AUTO_INCREMENT, AUTO_INCREMENT=11;

--
-- Tablo için AUTO_INCREMENT değeri `roles`
--
ALTER TABLE `roles`
  MODIFY `id` int(10) UNSIGNED NOT NULL AUTO_INCREMENT, AUTO_INCREMENT=8;

--
-- Tablo için AUTO_INCREMENT değeri `settings`
--
ALTER TABLE `settings`
  MODIFY `id` int(10) UNSIGNED NOT NULL AUTO_INCREMENT;

--
-- Tablo için AUTO_INCREMENT değeri `subcategories`
--
ALTER TABLE `subcategories`
  MODIFY `id` int(10) UNSIGNED NOT NULL AUTO_INCREMENT, AUTO_INCREMENT=12;

--
-- Tablo için AUTO_INCREMENT değeri `tables`
--
ALTER TABLE `tables`
  MODIFY `id` int(10) UNSIGNED NOT NULL AUTO_INCREMENT, AUTO_INCREMENT=24;

--
-- Tablo için AUTO_INCREMENT değeri `units`
--
ALTER TABLE `units`
  MODIFY `id` int(10) UNSIGNED NOT NULL AUTO_INCREMENT, AUTO_INCREMENT=6;

--
-- Tablo için AUTO_INCREMENT değeri `users`
--
ALTER TABLE `users`
  MODIFY `id` int(10) UNSIGNED NOT NULL AUTO_INCREMENT, AUTO_INCREMENT=13;

--
-- Tablo için AUTO_INCREMENT değeri `warehouses`
--
ALTER TABLE `warehouses`
  MODIFY `id` int(10) UNSIGNED NOT NULL AUTO_INCREMENT, AUTO_INCREMENT=3;

--
-- Dökümü yapılmış tablolar için kısıtlamalar
--

--
-- Tablo kısıtlamaları `customer_deposits`
--
ALTER TABLE `customer_deposits`
  ADD CONSTRAINT `fk_cd_customers` FOREIGN KEY (`customer_id`) REFERENCES `customers` (`id`) ON DELETE CASCADE;

--
-- Tablo kısıtlamaları `customer_docs`
--
ALTER TABLE `customer_docs`
  ADD CONSTRAINT `fk_customer_docs_customers` FOREIGN KEY (`customer_id`) REFERENCES `customers` (`id`) ON DELETE CASCADE;

--
-- Tablo kısıtlamaları `customer_notes`
--
ALTER TABLE `customer_notes`
  ADD CONSTRAINT `fk_customer_notes_customers` FOREIGN KEY (`customer_id`) REFERENCES `customers` (`id`) ON DELETE CASCADE;

--
-- Tablo kısıtlamaları `kitchen_queue`
--
ALTER TABLE `kitchen_queue`
  ADD CONSTRAINT `fk_kq_item` FOREIGN KEY (`posorder_item_id`) REFERENCES `POSorder_items` (`id`),
  ADD CONSTRAINT `fk_kq_order` FOREIGN KEY (`order_id`) REFERENCES `POSorders` (`id`),
  ADD CONSTRAINT `fk_kq_product` FOREIGN KEY (`product_id`) REFERENCES `products` (`id`),
  ADD CONSTRAINT `fk_kq_table` FOREIGN KEY (`table_id`) REFERENCES `tables` (`id`);

--
-- Tablo kısıtlamaları `kitchen_view_categories`
--
ALTER TABLE `kitchen_view_categories`
  ADD CONSTRAINT `fk_kvc_category` FOREIGN KEY (`category_id`) REFERENCES `categories` (`id`) ON DELETE CASCADE,
  ADD CONSTRAINT `fk_kvc_view` FOREIGN KEY (`view_id`) REFERENCES `kitchen_views` (`id`) ON DELETE CASCADE;

--
-- Tablo kısıtlamaları `orders`
--
ALTER TABLE `orders`
  ADD CONSTRAINT `fk_orders_tables` FOREIGN KEY (`table_id`) REFERENCES `tables` (`id`) ON DELETE SET NULL ON UPDATE CASCADE,
  ADD CONSTRAINT `fk_orders_users` FOREIGN KEY (`user_id`) REFERENCES `users` (`id`) ON UPDATE CASCADE;

--
-- Tablo kısıtlamaları `order_items`
--
ALTER TABLE `order_items`
  ADD CONSTRAINT `fk_orderitems_orders` FOREIGN KEY (`order_id`) REFERENCES `orders` (`id`) ON DELETE CASCADE ON UPDATE CASCADE,
  ADD CONSTRAINT `fk_orderitems_products` FOREIGN KEY (`product_id`) REFERENCES `products` (`id`) ON UPDATE CASCADE;

--
-- Tablo kısıtlamaları `payments`
--
ALTER TABLE `payments`
  ADD CONSTRAINT `fk_payments_orders` FOREIGN KEY (`order_id`) REFERENCES `orders` (`id`) ON DELETE CASCADE ON UPDATE CASCADE;

--
-- Tablo kısıtlamaları `POSorder_items`
--
ALTER TABLE `POSorder_items`
  ADD CONSTRAINT `fk_posorderitems_posorders` FOREIGN KEY (`posorder_id`) REFERENCES `POSorders` (`id`) ON DELETE CASCADE ON UPDATE CASCADE,
  ADD CONSTRAINT `fk_posorderitems_products` FOREIGN KEY (`product_id`) REFERENCES `products` (`id`) ON UPDATE CASCADE;

--
-- Tablo kısıtlamaları `products`
--
ALTER TABLE `products`
  ADD CONSTRAINT `fk_products_categories` FOREIGN KEY (`category_id`) REFERENCES `categories` (`id`) ON UPDATE CASCADE;

--
-- Tablo kısıtlamaları `role_permissions`
--
ALTER TABLE `role_permissions`
  ADD CONSTRAINT `fk_rp_perms` FOREIGN KEY (`permission_id`) REFERENCES `permissions` (`id`) ON DELETE CASCADE ON UPDATE CASCADE,
  ADD CONSTRAINT `fk_rp_roles` FOREIGN KEY (`role_id`) REFERENCES `roles` (`id`) ON DELETE CASCADE ON UPDATE CASCADE;

--
-- Tablo kısıtlamaları `subcategories`
--
ALTER TABLE `subcategories`
  ADD CONSTRAINT `subcategories_ibfk_1` FOREIGN KEY (`category_id`) REFERENCES `categories` (`id`) ON DELETE CASCADE;
COMMIT;

/*!40101 SET CHARACTER_SET_CLIENT=@OLD_CHARACTER_SET_CLIENT */;
/*!40101 SET CHARACTER_SET_RESULTS=@OLD_CHARACTER_SET_RESULTS */;
/*!40101 SET COLLATION_CONNECTION=@OLD_COLLATION_CONNECTION */;
